{"cameraMode":{"drawMode":0,"name":"Shaded","section":"Shading Mode"},"sceneLighting":true,"audioPlay":false,"sceneViewState":{"m_AlwaysRefresh":false,"showFog":true,"showSkybox":true,"showFlares":true,"showImageEffects":true,"showParticleSystems":true,"showVisualEffectGraphs":true,"m_FxEnabled":true},"in2DMode":false,"pivot":{"x":3.3495559692382814,"y":6.163905143737793,"z":-1.0772026777267457},"rotation":{"x":-0.029095478355884553,"y":-0.9572169184684753,"z":0.10379321873188019,"w":-0.2686569392681122},"size":12.12435531616211,"orthographic":true}